,Partition,# viable,Total,% viable
0,designed,35217,56372,62.472504080039734
1,rand,964,9885,9.75214972180071
2,single,646,1112,58.09352517985612
3,stop,0,57,0.0
4,previous_chip_nonviable,159,998,15.931863727454909
5,random_doubles,5592,34925,16.011453113815318
6,previous_chip_viable,972,994,97.78672032193158
7,singles,1062,2197,48.338643604915795
